{
  "top_left": [
    -1089.889559181818,
    -205.37396363636364
  ],
  "top_right": [
    430.92975808695655,
    -201.86285356521742
  ],
  "bottom_left": [
    -919.4286524516128,
    472.9561352258064
  ],
  "bottom_right": [
    447.29381447826097,
    452.5498740869566
  ],
  "center": [
    -379.7788303023258,
    156.44490418604653
  ]
}